domain,item_id,question,response
Priority & relevance,P1,Is the research question explicitly linked to a local/national health priority in Egypt?,Yes/No/Unclear
Priority & relevance,P2,"Is there evidence of stakeholder input (clinicians, policymakers, patients) in setting the question?",Yes/No/Unclear
Design & methods,D1,Is the study design appropriate for the research question?,Yes/No/Unclear
Design & methods,D2,"Is a sample size calculation reported with assumptions (effect size, alpha, power)?",Yes/No/Not applicable
Design & methods,D3,For RCTs: randomization method described and appropriate?,Yes/No/Not applicable
Design & methods,D4,For RCTs: allocation concealment and blinding described?,Yes/No/Not applicable
Design & methods,D5,For observational studies: confounding control strategy described?,Yes/No/Not applicable
Design & methods,D6,Are data collection instruments validated or piloted?,Yes/No/Unclear
Ethics & registration,E1,"Is ethical approval documented (IRB name, reference number, date)?",Yes/No/Unclear
Ethics & registration,E2,"For trials: is there prospective registration (e.g., ClinicalTrials.gov)?",Yes/No/Not applicable
Ethics & registration,E3,"For systematic reviews: is protocol registered (e.g., PROSPERO/OSF)?",Yes/No/Not applicable
Statistical analysis,A1,"Is a statistical analysis plan described (primary/secondary outcomes, models)?",Yes/No/Unclear
Statistical analysis,A2,Was a statistician/methodologist involved (acknowledged or co-author)?,Yes/No/Unclear
Statistical analysis,A3,"Are assumptions for statistical tests checked/reported (normality, etc.)?",Yes/No/Not applicable/Unclear
Reporting quality,R1,Does the report follow relevant EQUATOR guideline (CONSORT/STROBE/PRISMA) items?,Yes/Partially/No
Reporting quality,R2,Are limitations and sources of bias discussed?,Yes/No/Unclear
Reporting quality,R3,Are data/code availability statements provided (where feasible)?,Yes/No/Unclear
Dissemination & waste,W1,Publication status,Published/Accepted/Submitted/In preparation/Not planned/Abandoned
Dissemination & waste,W2,Time from data collection completion to first submission (months),Numeric/Unclear
Dissemination & waste,W3,Is the study likely duplicative of low-priority questions (based on literature search)?,Yes/No/Unclear
Dissemination & waste,W4,Major avoidable design flaws present?,Yes/No/Unclear
Dissemination & waste,W5,Overall waste rating,Low/Moderate/High
