task,start_month,end_month
Protocol finalization & ethics approvals,1,3
Instrument adaptation & pilot testing,1,3
Stakeholder engagement & MOUs with institutions,1,4
Survey rollout (early-career researchers),4,8
Survey rollout (supervisors),4,8
Research output audit (protocols/theses/papers),5,12
"Qualitative interviews (ECRs, supervisors, research officers)",7,12
Focus groups (co-design workshops),10,13
Data cleaning & quantitative analysis,12,15
Qualitative analysis & integration,13,15
Stakeholder Delphi / nominal group to prioritize interventions,14,16
Manuscript writing & policy brief,15,18
"Toolkit development (checklists, curricula, rubrics)",16,18
