analysis_id,objective,variables,methods
Q1,Describe barrier prevalence,"All barrier items (R1–R7, M1–M8, S1–S7, T1–T4, C1–C4)","Frequencies, percentages, means/medians; stratified by institution and career stage."
Q2,Describe waste/validity indicators,"V1–V6 (self-report); audit indicators (D1–D6, E1–E3, A1–A3, R1–R3, W1–W5)",Frequencies; proportion of projects with major flaws; time-to-publication distributions.
M1,Association: barriers → validity outcomes,"Outcome: valid project (composite: sample size + ethics + registration + statistician); Predictors: funding access, training, supervision quality, time, infrastructure",Multilevel logistic regression (random intercept for institution); report ORs with 95% CIs.
M2,Association: supervision quality → publication,"Outcome: publication status (binary: published/accepted vs not); Predictors: supervision scales (S2–S7), methods competence, resources",Multilevel logistic regression; sensitivity analyses with ordinal outcomes.
M3,Quantify waste at project level,"Audit waste flags (W3–W5), design flaws, non-publication",Descriptive; multinomial regression to identify predictors of high waste.
M4,Institutional variation,"Institution ID, barrier scores, validity outcomes",Random effects models; intraclass correlation coefficients; forest plots of institution-level estimates.
M5,Mediation: does training mediate supervision → validity?,"Supervision quality, methods competence (M5–M8), validity outcome","Mediation analysis (e.g., structural equation modeling or causal mediation); report indirect/direct effects."
M6,Missing data handling,All models,Assess missingness patterns; multiple imputation by chained equations if >5% missing; sensitivity complete-case analysis.
M7,Model diagnostics,All regression models,"Check multicollinearity (VIF), influential points, goodness-of-fit; report calibration/discrimation where relevant."
Qual1,Thematic analysis of interviews/FGs,Transcripts,Framework analysis; double-coding 20% of transcripts; develop barrier→waste mechanism map.
Qual2,Integration with quantitative results,Themes + survey/audit findings,Joint displays; convergent triangulation; explain discrepancies.
Prior1,Prioritize interventions,Stakeholder ratings from Delphi/nominal group,Ranking by importance/feasibility; consensus thresholds; produce prioritized action list.
