section,item_id,question,type,options
Demographics,D1,Age (years),numeric,
Demographics,D2,Gender,categorical,Male/Female/Other/Prefer not to say
Demographics,D3,Current role,categorical,Medical student/Intern/Resident/Fellow/Junior faculty (≤5 years)/Other
Demographics,D4,Institution type,categorical,Public university/Private university/Teaching hospital/Research institute/Other
Demographics,D5,Governorate,categorical,
Workload & time,T1,Average weekly clinical hours,numeric,
Workload & time,T2,Average weekly research hours,numeric,
Workload & time,T3,Do you have protected research time?,binary,Yes/No
Workload & time,T4,Main reason for limited research time,multiple_choice,Clinical duties/Teaching/Administrative tasks/Family responsibilities/Lack of interest/Other
Resources & funding,R1,"In the last 2 years, have you applied for research funding?",binary,
Resources & funding,R2,"If yes, was your application successful?",binary,
Resources & funding,R3,Access to small internal grants,likert_5,Never/Rarely/Sometimes/Often/Always
Resources & funding,R4,Access to laboratory equipment (if needed),likert_5,
Resources & funding,R5,"Access to statistical software (SPSS, R, Stata, etc.)",likert_5,
Resources & funding,R6,Access to a statistician/methodologist for consultation,likert_5,
Resources & funding,R7,"Access to research administration support (ethics, contracts, etc.)",likert_5,
Training & methods competence,M1,Completed formal course in epidemiology,binary,
Training & methods competence,M2,Completed formal course in biostatistics,binary,
Training & methods competence,M3,Attended workshop on protocol writing,binary,
Training & methods competence,M4,Attended workshop on systematic reviews/meta-analysis,binary,
Training & methods competence,M5,Self-rated competence: designing a study,likert_5,Very low/Low/Moderate/High/Very high
Training & methods competence,M6,Self-rated competence: sample size calculation,likert_5,
Training & methods competence,M7,Self-rated competence: statistical analysis,likert_5,
Training & methods competence,M8,Self-rated competence: scientific writing,likert_5,
Supervision & mentorship,S1,Number of active research supervisors/mentors,numeric,
Supervision & mentorship,S2,Frequency of meetings with primary supervisor,categorical,Weekly/Biweekly/Monthly/Quarterly/Rarely/Never
Supervision & mentorship,S3,Supervisor has formal training in research methods,likert_5,Strongly disagree/Disagree/Neutral/Agree/Strongly agree
Supervision & mentorship,S4,Timeliness of feedback on drafts,likert_5,
Supervision & mentorship,S5,Supervisor helps with study design and methods,likert_5,
Supervision & mentorship,S6,Supervisor supports publication and dissemination,likert_5,
Supervision & mentorship,S7,Perceived fairness of authorship practices,likert_5,
Incentives & culture,C1,Research output is considered in promotion decisions,likert_5,
Incentives & culture,C2,Institution rewards quality over quantity of publications,likert_5,
Incentives & culture,C3,Collaboration with other departments is encouraged,likert_5,
Incentives & culture,C4,Pressure to publish quickly compromises quality,likert_5,
Validity & waste indicators (self-report),V1,"In your last project, was a sample size calculation performed?",binary,
Validity & waste indicators (self-report),V2,"Was the protocol registered (e.g., ClinicalTrials.gov, OSF)?",binary,
Validity & waste indicators (self-report),V3,Was ethical approval obtained before data collection?,binary,
Validity & waste indicators (self-report),V4,Was a statistician involved in analysis planning?,binary,
Validity & waste indicators (self-report),V5,Has your last project been published or submitted?,categorical,Published/Accepted/Submitted/In preparation/Not planned/Abandoned
Validity & waste indicators (self-report),V6,Main reason for non-publication (if applicable),multiple_choice,Low priority question/Design flaws/Insufficient data/Analysis problems/Writing difficulties/Supervisor delays/Other
Open-ended,O1,"What single change would most improve your ability to conduct valid, high-value research?",text,
Open-ended,O2,Describe a time when supervision helped or hindered your research progress.,text,
